loan_id,borrower_name,age,gender,annual_income,loan_amount,loan_term_months,interest_rate,repayment_history,credit_score,risk_category
1,George Ramirez,28,Male,60212.00,109511.00,60,5.01,Good,812,Low
2,David Lee,36,Male,62443.00,71378.00,84,18.7,Average,599,Low
3,Tyler Thompson,47,Male,64360.00,176610.00,48,4.15,Good,800,Low
4,Kimberly Garcia,42,Female,61485.00,96786.00,48,10.82,Good,667,Low
5,Eric Thomas,55,Male,44890.00,121301.00,60,9.61,Good,674,Low
6,Jessica King,45,Female,50707.00,143634.00,84,8.76,Good,678,Low
7,Sarah Mitchell,60,Female,34186.00,60211.00,84,15.05,Good,601,Low
8,Jerry Sanchez,48,Male,50131.00,98961.00,72,17.79,Good,593,Low
9,James Walker,53,Male,111527.00,284557.00,84,4.87,Good,823,Low
10,Ryan Campbell,33,Male,77914.00,136492.00,72,9.81,Average,667,Low
11,Catherine Moore,50,Female,55650.00,88178.00,84,6.1,Good,717,Low
12,Janet Anderson,25,Female,28342.00,18483.00,24,21.35,Good,556,Low
13,Brandon Harris,43,Male,79455.00,178661.00,84,6.9,Good,703,Low
14,Patrick Lee,50,Male,106279.00,142862.00,84,10.22,Good,674,Low
15,Michael Lopez,52,Male,29617.00,85701.00,60,6.4,Good,794,Low
16,Patrick Davis,53,Male,25000.00,21958.00,24,19.71,Good,548,Low
17,Marie Rivera,55,Female,92393.00,241617.00,48,4.74,Good,793,Low
18,Charles Allen,29,Male,44293.00,57034.00,72,20,Average,592,Medium
19,Barbara Walker,54,Female,115813.00,355347.00,84,5.62,Good,743,Low
20,Nancy Williams,40,Female,47035.00,127410.00,48,9.76,Good,651,Low
21,Robert Campbell,46,Male,91714.00,225953.00,48,5.78,Good,850,Low
22,Heather Lewis,52,Female,76525.00,102330.00,48,7.42,Good,716,Low
23,Anthony Lee,43,Male,83783.00,58226.00,60,3,Good,713,Low
24,Joyce Smith,48,Female,62546.00,147106.00,48,4.74,Good,702,Low
25,Nicholas Moore,47,Male,89945.00,329851.00,60,5.45,Good,797,Low
26,Anthony Johnson,44,Male,88500.00,275532.00,48,5.6,Good,850,Low
27,Carolyn Thomas,34,Female,51740.00,136434.00,48,5.16,Good,786,Low
28,Steven Allen,49,Male,90972.00,277465.00,84,5.55,Good,785,Low
29,Douglas Perez,30,Male,34381.00,59233.00,60,14.02,Poor,531,Medium
30,Heather Lopez,25,Female,25000.00,42982.00,60,3.96,Good,766,Low
31,Carol Jones,25,Female,37390.00,48906.00,24,22.31,Average,574,Medium
32,Jason Clark,56,Male,40692.00,104815.00,60,4.05,Good,839,Low
33,Dorothy Torres,60,Female,52902.00,124305.00,60,4.5,Good,841,Low
34,Jessica Flores,63,Female,91932.00,285970.00,72,6.53,Good,786,Low
35,Jerry Martinez,42,Male,65609.00,218461.00,60,3.42,Good,758,Low
36,Debra Williams,70,Female,79644.00,168237.00,48,5.26,Good,850,Low
37,Brandon Thompson,34,Male,61397.00,209777.00,84,3.6,Good,784,Low
38,Daniel Walker,50,Male,89702.00,381776.00,84,6.02,Good,785,Low
39,Jennifer Thompson,46,Female,76377.00,137077.00,60,9.75,Good,678,Low
40,Jack Taylor,27,Male,56071.00,59368.00,48,13.06,Good,601,Low
41,Thomas Lee,25,Male,37696.00,60354.00,60,13.78,Average,644,Medium
42,Jonathan Hall,31,Male,56974.00,93898.00,72,9.77,Average,688,Low
43,Kenneth Rodriguez,25,Male,25000.00,18041.00,12,4.43,Good,711,Low
44,Karen Rivera,38,Female,52192.00,84078.00,72,17.59,Average,610,Medium
45,Janet Hall,31,Female,54412.00,63650.00,72,14.28,Average,614,Low
46,Gary White,37,Male,39822.00,49125.00,24,7.73,Good,666,Low
47,Deborah Harris,58,Female,107670.00,252285.00,72,6.29,Good,714,Low
48,Deborah Anderson,41,Female,58578.00,57967.00,48,6.32,Good,733,Low
49,Diane Perez,51,Female,81348.00,215833.00,72,9.02,Good,745,Low
50,Timothy Gonzalez,51,Male,108262.00,321190.00,60,5.43,Good,756,Low
51,Cynthia Carter,59,Female,61488.00,151890.00,48,7.41,Good,676,Low
52,Richard King,47,Male,72427.00,200220.00,60,4.96,Good,827,Low
53,Daniel Torres,49,Male,65310.00,121254.00,72,7.34,Good,688,Low
54,Steven Miller,55,Male,131725.00,339221.00,48,4.49,Good,752,Low
55,Linda Lewis,33,Female,38683.00,59273.00,60,13.98,Good,614,Low
56,Jason Perez,25,Male,55649.00,109001.00,48,11.48,Good,669,Low
57,Ronald Rivera,49,Male,91808.00,185638.00,60,4.91,Good,823,Low
58,Brenda Smith,29,Female,37286.00,71625.00,84,6.35,Good,655,Low
59,Kenneth Baker,58,Male,110645.00,272692.00,60,5.81,Good,738,Low
60,Elizabeth Allen,49,Female,44808.00,87890.00,84,20.45,Average,538,Medium
61,Steven Scott,46,Male,30950.00,72827.00,60,5.33,Good,762,Low
62,Eric Brown,31,Male,25000.00,55881.00,72,15.36,Average,590,Medium
63,Debra Garcia,54,Female,88365.00,139049.00,48,5.86,Good,831,Low
64,Sandra Martin,39,Female,61786.00,90442.00,48,12.55,Average,612,Low
65,Henry Allen,50,Male,80557.00,43451.00,36,3.18,Good,748,Low
66,Douglas Baker,39,Male,60674.00,134797.00,48,16.3,Average,551,Medium
67,Douglas Roberts,62,Male,97244.00,61085.00,60,5.03,Good,783,Low
68,Linda Davis,47,Female,57009.00,112269.00,84,10.49,Average,616,Low
69,Nicholas Jackson,34,Male,59276.00,85685.00,72,10.38,Average,620,Low
70,Christopher Mitchell,52,Male,106368.00,214681.00,84,7.96,Good,749,Low
71,Larry Williams,25,Male,70406.00,98712.00,48,18.97,Average,589,Low
72,Nicholas Jones,52,Male,41274.00,52016.00,48,21.99,Average,572,Medium
73,Richard Smith,33,Male,37677.00,103574.00,84,8.08,Good,699,Low
74,Victoria Garcia,38,Female,77215.00,102669.00,60,7.51,Average,666,Low
75,Diane Johnson,45,Female,50579.00,52113.00,84,16.58,Average,506,Medium
76,Heather Clark,68,Female,100313.00,314799.00,84,5.6,Good,830,Low
77,Steven Walker,25,Male,57246.00,109130.00,72,9.04,Good,684,Low
78,Timothy Taylor,25,Male,37195.00,49682.00,60,12.57,Average,607,Medium
79,David Roberts,59,Male,99749.00,126534.00,72,3,Good,794,Low
80,Joseph Hernandez,37,Male,51475.00,120721.00,60,15.24,Average,639,Medium
81,Lisa Ramirez,38,Female,34619.00,44162.00,24,15.06,Good,561,Low
82,Patrick Harris,52,Male,105910.00,253109.00,60,6.21,Good,754,Low
83,Joshua Scott,33,Male,55099.00,91083.00,84,5.85,Good,847,Low
84,Carol Lewis,38,Female,43339.00,97819.00,72,11.63,Good,692,Low
85,Marie Wright,70,Female,62121.00,230430.00,72,4.15,Good,754,Low
86,Timothy Rodriguez,44,Male,76425.00,190303.00,84,5.83,Good,719,Low
87,Mark King,34,Male,35034.00,94104.00,48,7.19,Good,737,Low
88,Emma Johnson,37,Female,34932.00,55044.00,84,16.91,Good,528,Low
89,Nicholas Thompson,33,Male,65970.00,128107.00,72,18.72,Average,562,Low
90,Justin Martin,37,Male,34255.00,81707.00,48,15.91,Average,629,Medium
91,Sharon Harris,43,Female,39625.00,40149.00,36,17.3,Average,537,Medium
92,Jessica Baker,34,Female,28300.00,59136.00,48,21.24,Poor,521,High
93,Matthew King,35,Male,52880.00,78592.00,48,9.02,Good,733,Low
94,Jason Nguyen,49,Male,64303.00,231265.00,48,4.93,Good,700,Low
95,Maria Robinson,47,Female,46879.00,94984.00,48,5.28,Good,776,Low
96,Christine Garcia,47,Female,46451.00,169684.00,84,4.77,Good,758,Low
97,Laura Roberts,56,Female,69066.00,136064.00,84,6.36,Good,740,Low
98,Anthony Martinez,25,Male,50160.00,76268.00,84,10.75,Average,675,Low
99,Samantha Miller,51,Female,58020.00,106637.00,72,8.47,Good,656,Low
100,Kimberly Scott,47,Female,30208.00,82524.00,72,5.48,Good,659,Low
101,Helen Wilson,36,Female,60336.00,84919.00,48,7.5,Good,715,Low
102,Larry Robinson,39,Male,48001.00,126583.00,48,10.33,Good,687,Low
103,William Lee,59,Male,71890.00,89963.00,48,9.04,Good,693,Low
104,Ruth Lewis,35,Female,54112.00,37069.00,48,12.42,Average,677,Low
105,Angela Clark,56,Female,88236.00,164374.00,60,9.88,Good,651,Low
106,Jerry Mitchell,47,Male,71870.00,293543.00,84,6.59,Good,714,Low
107,Thomas Moore,25,Male,42530.00,119682.00,72,9.83,Average,663,Medium
108,Kimberly Baker,25,Female,33391.00,37011.00,60,15.02,Average,469,Medium
109,Dennis Hall,50,Male,89201.00,105754.00,48,20.84,Good,592,Low
110,Andrew Nelson,46,Male,47910.00,101070.00,48,4.57,Good,738,Low
111,Nancy Wright,32,Female,50217.00,122351.00,60,10.76,Good,689,Low
112,Ruth Thomas,43,Female,66670.00,145243.00,60,4.32,Good,804,Low
113,Joshua Jones,35,Male,41947.00,69382.00,48,10.84,Average,668,Medium
114,Michael Harris,42,Male,50199.00,134722.00,72,5.76,Good,744,Low
115,Joshua Nelson,40,Male,68545.00,174856.00,48,12.28,Good,657,Low
116,Aaron Thomas,52,Male,63626.00,112753.00,60,13.77,Good,612,Low
117,Maria Ramirez,25,Female,53006.00,84758.00,48,12.06,Good,612,Low
118,Michael Sanchez,30,Male,66644.00,121586.00,48,5.31,Good,723,Low
119,Jerry Rivera,51,Male,73683.00,91081.00,60,13.12,Good,667,Low
120,Timothy Rodriguez,38,Male,29752.00,47881.00,48,4.05,Good,715,Low
121,Julie Taylor,28,Female,45519.00,151705.00,84,8.32,Average,702,Medium
122,Ronald White,43,Male,73743.00,207979.00,72,8.45,Good,729,Low
123,Charles Williams,42,Male,108384.00,248285.00,72,7.47,Good,719,Low
124,Anthony Lewis,59,Male,64743.00,199732.00,48,5.58,Good,771,Low
125,Emma Lopez,58,Female,77712.00,343329.00,84,3.96,Good,831,Low
126,Debra White,47,Female,40797.00,134705.00,84,11.62,Good,682,Low
127,Victoria Gonzalez,41,Female,61717.00,65937.00,72,18.05,Average,497,Medium
128,Maria Taylor,56,Female,94560.00,240037.00,60,5.58,Good,725,Low
129,Heather Nguyen,51,Female,56973.00,141784.00,60,6.22,Good,722,Low
130,Steven Jones,36,Male,28732.00,54798.00,48,10.67,Average,658,Medium
131,Ashley Walker,53,Female,43236.00,99941.00,72,9.68,Good,671,Low
132,Michael Moore,51,Male,85873.00,276015.00,60,4.27,Good,795,Low
133,Mark Hall,55,Male,69905.00,76734.00,72,12.24,Good,618,Low
134,Daniel Jones,44,Male,61545.00,85706.00,60,18.03,Average,531,Medium
135,Eric Moore,45,Male,52424.00,75115.00,48,13.63,Average,625,Low
136,Sharon Smith,25,Female,44962.00,16209.00,24,11.46,Good,681,Low
137,Amy Robinson,41,Female,87124.00,169166.00,72,15.69,Average,636,Low
138,Edward Hernandez,52,Male,85678.00,243393.00,72,4.75,Good,754,Low
139,Charles Rodriguez,41,Male,64329.00,116473.00,72,6.97,Good,743,Low
140,Debra Davis,47,Female,56202.00,97834.00,48,9.02,Good,682,Low
141,Patrick Flores,43,Male,56628.00,163146.00,48,3,Good,850,Low
142,Maria King,49,Female,40868.00,84129.00,72,8.24,Good,700,Low
143,James Thomas,28,Male,50985.00,51821.00,60,7.1,Average,652,Low
144,Susan Rivera,55,Female,87299.00,193454.00,60,4.5,Good,775,Low
145,Brenda Rivera,33,Female,70775.00,201399.00,60,5.23,Good,818,Low
146,Laura Rivera,33,Female,53252.00,55072.00,72,5.53,Good,792,Low
147,Alexander Perez,51,Male,75452.00,211034.00,84,6.43,Good,724,Low
148,Maria Allen,62,Female,44450.00,48501.00,24,18.86,Good,579,Low
149,Jason Clark,35,Male,49128.00,48128.00,48,11.1,Average,599,Medium
150,Sandra Scott,64,Female,66502.00,134407.00,72,6.4,Good,714,Low
151,Joshua Anderson,63,Male,89424.00,107319.00,84,3.16,Good,815,Low
152,Daniel Campbell,38,Male,60161.00,91965.00,48,13.13,Average,633,Low
153,George Thompson,47,Male,45591.00,92730.00,60,7.03,Good,743,Low
154,Kenneth Green,61,Male,83053.00,157980.00,60,3.9,Good,745,Low
155,Sarah Moore,40,Female,41686.00,62865.00,60,14.28,Average,616,Medium
156,Diane Smith,43,Female,77551.00,125584.00,72,12.48,Good,636,Low
157,Marie Green,51,Female,33674.00,61450.00,48,10.11,Good,691,Low
158,Robert Ramirez,38,Male,58142.00,156142.00,48,6.74,Good,731,Low
159,Jacob Green,46,Male,67260.00,82788.00,84,14.59,Good,644,Low
160,Timothy Smith,25,Male,29424.00,59698.00,84,5.51,Good,814,Low
161,Eric Johnson,41,Male,60016.00,169372.00,48,4.97,Good,780,Low
162,John Jones,26,Male,25000.00,30698.00,36,12.75,Average,690,Medium
163,Jerry Baker,45,Male,86830.00,138956.00,72,6.78,Good,677,Low
164,Julie Perez,65,Female,80976.00,106370.00,72,7.26,Good,728,Low
165,Carolyn Hernandez,39,Female,58637.00,116925.00,60,13.3,Average,656,Low
166,Jennifer Green,45,Female,56208.00,153211.00,60,3,Good,850,Low
167,Jack Clark,44,Male,36686.00,51941.00,60,15.51,Good,648,Low
168,Nicholas Torres,70,Male,101225.00,284279.00,72,3.36,Good,819,Low
169,Brian Thompson,37,Male,50153.00,70423.00,84,7.9,Average,658,Low
170,Joyce Perez,42,Female,67083.00,142791.00,60,12.99,Average,623,Medium
171,Scott Lopez,25,Male,46938.00,83367.00,72,11.38,Average,605,Medium
172,Frances Davis,41,Female,51791.00,104596.00,84,10.31,Good,688,Low
173,Joyce Mitchell,53,Female,52941.00,48747.00,36,4.06,Good,789,Low
174,Eric Jackson,25,Male,61454.00,102784.00,72,10.28,Average,655,Low
175,Christopher Young,52,Male,93237.00,162722.00,60,4.27,Good,721,Low
176,Emma Torres,36,Female,66932.00,137231.00,72,19.34,Average,586,Medium
177,Matthew Clark,40,Male,58991.00,147112.00,84,6.52,Good,718,Low
178,Thomas Gonzalez,35,Male,54196.00,76324.00,84,8,Good,667,Low
179,Joshua Thompson,48,Male,76450.00,152142.00,84,5.78,Good,789,Low
180,Emma Rodriguez,57,Female,92107.00,127052.00,84,4.68,Good,850,Low
181,Nicholas Thomas,39,Male,58582.00,140788.00,72,9.26,Good,691,Low
182,Sandra Garcia,25,Female,39618.00,75812.00,60,21.25,Poor,517,Medium
183,Paul Brown,39,Male,82280.00,151985.00,48,9.6,Good,672,Low
184,Lisa Jackson,46,Female,42590.00,91831.00,84,4.45,Good,735,Low
185,William Jones,41,Male,80793.00,150772.00,48,5.86,Good,737,Low
186,Timothy Walker,43,Male,37198.00,58699.00,60,10.72,Good,690,Low
187,Mark Robinson,40,Male,46111.00,114840.00,72,10.11,Good,676,Low
188,Jonathan Martinez,60,Male,84496.00,135580.00,84,5.48,Good,781,Low
189,Aaron Thompson,48,Male,59475.00,82376.00,84,8.14,Good,681,Low
190,Janet Martin,25,Female,43203.00,88074.00,48,4.93,Good,795,Low
191,Linda Johnson,46,Female,73443.00,167486.00,48,8.36,Good,673,Low
192,Samantha Allen,29,Female,51241.00,125581.00,48,7.26,Good,704,Low
193,Diane Rivera,41,Female,66944.00,224505.00,72,3,Good,753,Low
194,Eric Sanchez,51,Male,102997.00,162263.00,72,5.62,Good,830,Low
195,Michael Smith,31,Male,38734.00,64644.00,48,12.66,Good,618,Low
196,Charles Jones,63,Male,135735.00,371778.00,60,6.75,Good,737,Low
197,Steven Lee,35,Male,55871.00,92008.00,72,5.78,Good,656,Low
198,Brian Nelson,55,Male,107560.00,249590.00,84,3.56,Good,806,Low
199,Heather Allen,70,Female,65652.00,142210.00,84,4.16,Good,786,Low
200,Tyler Thompson,52,Male,51301.00,161814.00,84,3.22,Good,815,Low
201,Marie King,31,Female,47410.00,83456.00,60,9.39,Good,671,Low
202,David Brown,34,Male,56931.00,13690.00,12,12.22,Average,628,Low
203,Joseph Jones,54,Male,38346.00,77994.00,84,12.04,Good,667,Low
204,Richard Jackson,28,Male,60178.00,97270.00,48,6.29,Average,708,Low
205,Patrick King,25,Male,46869.00,82021.00,84,14.39,Good,608,Low
206,Heather Hernandez,49,Female,60752.00,228205.00,72,3.38,Good,850,Low
207,Kimberly Robinson,50,Female,75328.00,152446.00,72,6.09,Good,729,Low
208,Marie Wright,50,Female,31800.00,88637.00,72,5.64,Good,757,Low
209,Cynthia Harris,25,Female,25000.00,55300.00,60,11.45,Good,651,Medium
210,Justin Garcia,54,Male,71279.00,115290.00,72,15.8,Average,561,Low
211,Joseph Moore,44,Male,86909.00,153219.00,48,4.65,Good,803,Low
212,Linda Smith,43,Female,36171.00,99369.00,72,3.78,Good,797,Low
213,Elizabeth Davis,49,Female,67933.00,211695.00,60,3,Good,820,Low
214,Olivia Gonzalez,32,Female,54164.00,106295.00,84,12.53,Average,684,Low
215,Dennis Green,52,Male,83730.00,268629.00,72,5.02,Good,752,Low
216,Frank Anderson,34,Male,74717.00,151991.00,84,6.16,Good,720,Low
217,Helen Thomas,58,Female,77187.00,95426.00,60,9.85,Good,690,Low
218,Joyce Torres,61,Female,64181.00,33324.00,36,3.8,Good,809,Low
219,Heather Gonzalez,61,Female,85961.00,256363.00,84,6.67,Good,730,Low
220,John Flores,42,Male,86577.00,288380.00,84,6.33,Good,730,Low
221,Brian Anderson,31,Male,54073.00,114357.00,72,14.37,Average,606,Medium
222,Ashley Nguyen,58,Female,75126.00,152263.00,84,4.02,Good,715,Low
223,Cynthia Martinez,45,Female,83181.00,180153.00,72,10.58,Average,606,Medium
224,Susan Scott,25,Female,38330.00,41429.00,24,14.43,Good,464,Low
225,Samantha Nelson,25,Female,56015.00,57905.00,72,16.99,Good,517,Low
226,Justin Adams,36,Male,71365.00,70248.00,48,11.44,Average,649,Low
227,Ronald Campbell,41,Male,44104.00,92972.00,84,8.27,Good,651,Low
228,Betty Brown,30,Female,58547.00,72838.00,72,20.58,Average,578,Medium
229,Jennifer Carter,50,Female,41352.00,43863.00,48,10.58,Good,675,Low
230,Jeffrey Anderson,38,Male,67800.00,137573.00,72,8.61,Good,720,Low
231,Victoria Rodriguez,47,Female,49493.00,56263.00,60,7.65,Good,693,Low
232,Charles Taylor,25,Male,35830.00,63453.00,84,13.43,Average,641,Medium
233,Scott Hill,45,Male,70064.00,112065.00,60,13.06,Average,561,Low
234,Tyler Lewis,53,Male,94194.00,409504.00,48,4.03,Good,821,Low
235,Amy White,38,Female,44226.00,162478.00,60,4.15,Good,767,Low
236,Charles Rodriguez,57,Male,75944.00,68506.00,72,7.85,Good,687,Low
237,Richard Young,30,Male,57822.00,29715.00,60,19.9,Good,540,Low
238,Nicholas Brown,63,Male,84656.00,225042.00,48,6.88,Good,850,Low
239,Linda Martinez,48,Female,59623.00,107856.00,84,13.37,Good,645,Low
240,William Adams,25,Male,57200.00,224565.00,60,3.88,Good,772,Low
241,Matthew Miller,57,Male,72286.00,94987.00,60,15.49,Good,550,Low
242,William Hill,43,Male,34454.00,83353.00,48,6.34,Good,704,Low
243,Michael Carter,25,Male,59645.00,65288.00,60,12.03,Average,646,Low
244,Steven Gonzalez,32,Male,79074.00,195201.00,48,7.53,Good,746,Low
245,Rachel Young,55,Female,109460.00,323876.00,48,10,Good,685,Low
246,Christine Moore,51,Female,43223.00,44381.00,48,4.62,Good,731,Low
247,Christopher Nelson,56,Male,76123.00,245302.00,72,4.6,Good,782,Low
248,Justin Brown,33,Male,48488.00,10074.00,24,6.87,Good,794,Low
249,Samantha Lee,30,Female,29786.00,27760.00,36,12.19,Average,634,Medium
250,Alexander Wright,25,Male,51477.00,84582.00,84,16.86,Average,578,Medium
251,Henry Green,41,Male,46178.00,111959.00,72,16.76,Good,480,Medium
252,Olivia Jackson,40,Female,46296.00,92948.00,48,8.18,Good,694,Low
253,Amy Campbell,25,Female,35976.00,70798.00,48,15.16,Good,559,Low
254,Diane Miller,38,Female,50988.00,95807.00,84,12.81,Average,626,Medium
255,Dorothy Green,63,Female,112878.00,254419.00,72,4.87,Good,713,Low
256,Michael Wright,34,Male,38237.00,57791.00,84,7.44,Good,700,Low
257,Ryan White,38,Male,99371.00,41323.00,36,12.28,Good,652,Low
258,Brenda Campbell,26,Female,38770.00,36569.00,36,7.82,Average,711,Low
259,Richard Lewis,25,Male,59110.00,44112.00,24,19.62,Good,556,Low
260,Stephen Garcia,55,Male,71991.00,108887.00,48,7.55,Good,716,Low
261,Donna Walker,40,Female,36474.00,48715.00,48,6.84,Good,725,Low
262,Jack Nelson,33,Male,77991.00,104082.00,48,9.26,Average,672,Low
263,Charles Scott,46,Male,47307.00,135035.00,48,4,Good,721,Low
264,Susan Flores,43,Female,35195.00,108839.00,60,5.71,Good,745,Low
265,Dorothy Thompson,34,Female,51936.00,123839.00,48,8.21,Good,679,Low
266,Christine Ramirez,51,Female,56363.00,127909.00,48,3.64,Good,755,Low
267,Debra Davis,25,Female,59503.00,74667.00,84,6.19,Good,702,Low
268,Joshua Smith,31,Male,40412.00,56523.00,48,12.69,Average,644,Medium
269,Tyler Adams,49,Male,109947.00,248654.00,48,7.94,Good,680,Low
270,Nancy Allen,26,Female,32073.00,74875.00,72,18.86,Good,535,Medium
271,John Garcia,43,Male,35712.00,5000.00,12,7.81,Good,732,Low
272,Angela Jackson,34,Female,41189.00,50150.00,72,3,Good,753,Low
273,Victoria King,39,Female,25000.00,56021.00,72,9.25,Good,684,Medium
274,Benjamin Carter,67,Male,56023.00,87065.00,48,11.04,Good,608,Low
275,Eric Moore,49,Male,64309.00,133095.00,60,3,Good,850,Low
276,Kenneth Robinson,30,Male,38496.00,21857.00,36,8.23,Good,705,Low
277,Scott Nelson,40,Male,57317.00,148324.00,72,5.67,Good,850,Low
278,Douglas Robinson,47,Male,44808.00,57134.00,84,15.19,Good,646,Low
279,Ashley Young,39,Female,55457.00,183161.00,48,4.7,Good,767,Low
280,Karen Clark,42,Female,50091.00,73556.00,60,11.61,Good,664,Low
281,Jonathan Moore,28,Male,48640.00,87193.00,84,6.81,Good,653,Low
282,Janet Thomas,43,Female,80856.00,169291.00,84,8.52,Good,730,Low
283,Alexander Ramirez,25,Male,25000.00,16244.00,36,11.43,Good,564,Low
284,Janet King,48,Female,75156.00,281913.00,84,5.91,Good,804,Low
285,Nicholas White,25,Male,42601.00,120566.00,72,5.61,Good,743,Low
286,John Green,32,Male,52550.00,52413.00,72,15.4,Average,632,Low
287,Debra Walker,41,Female,67872.00,115575.00,84,11.05,Good,672,Low
288,Robert Smith,41,Male,35702.00,67257.00,60,7.73,Good,747,Low
289,Sarah Martin,44,Female,44821.00,67236.00,84,15.78,Good,593,Low
290,Eric Jackson,50,Male,78802.00,282026.00,84,4.87,Good,722,Low
291,Nancy Mitchell,29,Female,28553.00,65739.00,48,10.34,Average,699,Medium
292,Donna King,28,Female,43830.00,81940.00,48,10.71,Average,612,Medium
293,Gary Lopez,49,Male,103966.00,131867.00,60,5.69,Good,711,Low
294,Mary Baker,42,Female,63090.00,121944.00,60,9.47,Good,681,Low
295,John Baker,39,Male,75311.00,130048.00,72,3.8,Good,752,Low
296,Ryan Walker,68,Male,92961.00,155829.00,72,5.91,Good,811,Low
297,George Perez,47,Male,55258.00,97785.00,84,5.47,Good,740,Low
298,Mark Ramirez,44,Male,44505.00,109207.00,72,12.08,Good,674,Low
299,Lisa Smith,55,Female,52677.00,172814.00,72,4.85,Good,773,Low
300,Kevin Hill,38,Male,42356.00,95900.00,72,8.27,Good,679,Low
301,Elizabeth Martin,30,Female,31135.00,46496.00,24,9.61,Average,684,Medium
302,Matthew Brown,59,Male,87377.00,239933.00,60,6.13,Good,795,Low
303,Helen Sanchez,38,Female,72987.00,107895.00,60,14.09,Good,697,Low
304,Patrick Green,47,Male,45462.00,56238.00,60,7.83,Good,694,Low
305,Matthew Roberts,49,Male,112423.00,199522.00,60,3.57,Good,825,Low
306,Brian Torres,58,Male,97951.00,160026.00,84,6.02,Good,850,Low
307,Samantha Moore,48,Female,51254.00,74752.00,84,10.55,Good,683,Low
308,John Scott,45,Male,57223.00,92507.00,84,5.09,Good,690,Low
309,Alexander Flores,49,Male,93932.00,167589.00,84,3.61,Good,757,Low
310,Julie Hall,36,Female,30720.00,79533.00,72,3.55,Good,728,Low
311,Victoria Scott,70,Female,109379.00,287338.00,72,5.06,Good,738,Low
312,Joyce Nguyen,34,Female,25000.00,56969.00,48,8.93,Average,651,Medium
313,Gary Jones,37,Male,56263.00,121870.00,60,7.14,Average,651,Medium
314,Jerry Thomas,42,Male,53018.00,153156.00,48,5.68,Good,772,Low
315,Benjamin Jackson,44,Male,67561.00,114098.00,72,4.66,Good,751,Low
316,Helen Harris,52,Female,73031.00,258307.00,48,4.74,Good,828,Low
317,Matthew Williams,67,Male,115321.00,323867.00,84,4.47,Good,815,Low
318,Maria Adams,25,Female,44746.00,136716.00,60,3.95,Good,744,Low
319,Stephen Nelson,45,Male,55644.00,58518.00,72,13.15,Good,657,Low
320,Karen Brown,51,Female,81372.00,193795.00,60,6.58,Good,822,Low
321,Andrew Williams,38,Male,56932.00,155943.00,84,4.7,Good,773,Low
322,Douglas Hill,53,Male,91030.00,143035.00,72,4.6,Good,714,Low
323,Emma Johnson,55,Female,25000.00,34175.00,24,13.2,Good,594,Low
324,Cynthia King,32,Female,44847.00,27793.00,24,13.72,Good,632,Low
325,Steven Rodriguez,37,Male,45616.00,140249.00,60,4.28,Good,758,Low
326,Mary Sanchez,50,Female,58851.00,110939.00,84,10.63,Good,687,Low
327,Aaron Brown,47,Male,61729.00,123535.00,48,5.39,Good,728,Low
328,Laura Lee,47,Female,75522.00,169180.00,48,12.09,Good,654,Low
329,Barbara Walker,42,Female,50080.00,87071.00,72,11.54,Good,697,Low
330,Diane Williams,29,Female,26793.00,47031.00,24,12.61,Average,563,Medium
331,Lisa Scott,25,Female,46109.00,70154.00,84,11.36,Average,682,Low
332,Betty Wright,70,Female,49393.00,80878.00,48,13.73,Good,640,Low
333,Catherine Carter,44,Female,56441.00,75859.00,84,5.92,Good,688,Low
334,Samantha Lee,54,Female,60046.00,153487.00,48,4.56,Good,791,Low
335,Ruth Hall,30,Female,25000.00,63232.00,84,11.21,Good,675,Medium
336,Douglas Taylor,62,Male,62365.00,89179.00,60,4.19,Good,793,Low
337,Stephen Gonzalez,66,Male,68217.00,128073.00,72,3,Good,827,Low
338,Virginia Hall,33,Female,57196.00,110399.00,72,14.6,Good,617,Low
339,Henry Young,56,Male,109228.00,181665.00,48,5.73,Good,757,Low
340,Nancy Clark,35,Female,52490.00,149560.00,84,4.71,Good,779,Low
341,Virginia Jones,42,Female,56616.00,78880.00,60,20.48,Average,585,Medium
342,Daniel Garcia,25,Male,32215.00,31078.00,24,13.47,Average,602,Medium
343,Cynthia Davis,44,Female,65465.00,178898.00,48,4.67,Good,700,Low
344,Jason Green,42,Male,40149.00,46472.00,60,22.75,Good,598,Low
345,Richard Young,60,Male,111138.00,125160.00,72,12.13,Good,619,Low
346,Mary Gonzalez,63,Female,89277.00,149221.00,72,4.5,Good,803,Low
347,Richard Thomas,34,Male,28230.00,81185.00,60,4.73,Good,842,Low
348,Ruth Nelson,30,Female,25000.00,70461.00,60,9.24,Good,686,Medium
349,Debra Lee,52,Female,28202.00,46996.00,48,11.15,Good,681,Low
350,Joyce Williams,32,Female,44486.00,53590.00,60,14.66,Good,647,Low
351,Richard Taylor,25,Male,45209.00,73122.00,60,7.52,Good,691,Low
352,George Hernandez,55,Male,55809.00,72142.00,72,7.65,Good,712,Low
353,Timothy Martin,41,Male,77126.00,170431.00,60,13.16,Average,638,Medium
354,Jason Jackson,35,Male,56156.00,48125.00,48,8.97,Good,690,Low
355,Frances Johnson,31,Female,44184.00,22621.00,24,8.89,Average,612,Medium
356,Henry Harris,42,Male,41625.00,99132.00,84,7.08,Good,672,Low
357,Dorothy Johnson,32,Female,38355.00,42272.00,60,15.6,Average,583,Medium
358,Kenneth Hall,58,Male,103170.00,152724.00,48,11.83,Good,610,Low
359,Kevin Wilson,25,Male,31255.00,50735.00,84,17.47,Average,616,Medium
360,Dorothy Wilson,25,Female,39612.00,64219.00,48,14.6,Good,606,Low
361,Andrew Wilson,44,Male,57605.00,140227.00,84,15.66,Good,643,Low
362,Ronald Davis,45,Male,49379.00,86222.00,72,9.77,Good,665,Low
363,Brenda Hall,65,Female,74113.00,182255.00,72,7.82,Good,685,Low
364,Debra Smith,32,Female,45484.00,62040.00,48,25,Good,529,Low
365,Victoria White,67,Female,64633.00,83123.00,84,8.68,Good,678,Low
366,Jack Sanchez,48,Male,75203.00,175782.00,72,4.61,Good,752,Low
367,Julie Perez,66,Female,90224.00,311665.00,72,4.13,Good,761,Low
368,Joshua Johnson,27,Male,29570.00,45254.00,36,12.36,Average,648,Medium
369,James Lopez,43,Male,78309.00,169607.00,84,5.74,Good,749,Low
370,Maria Davis,36,Female,67283.00,88550.00,84,11.18,Good,680,Low
371,Christopher Lee,53,Male,65609.00,125391.00,84,11.77,Average,581,Low
372,Sarah Thomas,46,Female,67252.00,147012.00,48,3.21,Good,760,Low
373,Andrew Martin,61,Male,74560.00,164575.00,60,15.04,Good,647,Low
374,Stephen Brown,46,Male,27119.00,32043.00,24,19.77,Average,568,Medium
375,Thomas Johnson,40,Male,67251.00,117769.00,48,9.14,Good,677,Low
376,Rachel Flores,28,Female,43378.00,42643.00,36,16.44,Good,630,Low
377,Kevin Wright,42,Male,83856.00,198851.00,84,7.56,Good,721,Low
378,Matthew Perez,30,Male,45883.00,145389.00,72,4.54,Good,781,Low
379,Lisa Hall,32,Female,62549.00,109041.00,84,24.75,Average,584,Low
380,Sarah Moore,39,Female,75650.00,145127.00,60,4.71,Good,787,Low
381,Ashley White,40,Female,69610.00,128258.00,72,6.43,Good,811,Low
382,Anthony Hernandez,25,Male,81515.00,204734.00,84,11.08,Average,667,Low
383,Brian Roberts,32,Male,51265.00,83847.00,72,6.48,Good,721,Low
384,Betty Hall,25,Female,25000.00,42353.00,48,14.55,Average,540,Medium
385,Lisa Wilson,26,Female,31073.00,34858.00,24,5.73,Average,709,Medium
386,Scott Brown,49,Male,76942.00,150218.00,84,7.34,Good,675,Low
387,Richard Smith,29,Male,38285.00,42375.00,60,15.53,Good,638,Low
388,Andrew Rivera,33,Male,54852.00,73059.00,72,6.42,Good,748,Low
389,Diane Anderson,62,Female,96822.00,311977.00,60,3.23,Good,850,Low
390,Barbara Nelson,43,Female,70515.00,61923.00,48,5.72,Good,735,Low
391,Patrick Nguyen,27,Male,38246.00,66897.00,48,13.13,Good,689,Low
392,Frances Jackson,41,Female,39182.00,88204.00,48,16.64,Average,593,Medium
393,Donna Torres,49,Female,84372.00,111974.00,72,8.25,Good,681,Low
394,James Nelson,56,Male,101130.00,283435.00,84,3.57,Good,822,Low
395,Karen Rivera,47,Female,31730.00,68993.00,72,11.06,Good,661,Low
396,Michelle Rivera,45,Female,71593.00,61656.00,48,7.41,Good,712,Low
397,Sarah Anderson,40,Female,63989.00,129052.00,60,9.84,Good,698,Low
398,Carol Nguyen,45,Female,65994.00,123713.00,48,11.33,Good,627,Low
399,Emma Walker,39,Female,35860.00,54501.00,48,9.7,Average,616,Medium
400,Donna Moore,57,Female,72867.00,189286.00,72,4.44,Good,754,Low
401,Deborah Flores,42,Female,39273.00,116945.00,84,4.13,Good,774,Low
402,Ronald Allen,57,Male,92458.00,163005.00,72,9.21,Good,658,Low
403,Robert Harris,26,Male,65123.00,95313.00,72,5.59,Good,744,Low
404,Robert Wright,42,Male,65418.00,129252.00,60,5.29,Good,850,Low
405,Gary Thompson,30,Male,39582.00,47722.00,48,10.54,Average,622,Medium
406,Brian Brown,64,Male,37847.00,89459.00,72,4.24,Good,850,Low
407,Amy Rodriguez,54,Female,73514.00,62529.00,72,6.93,Good,746,Low
408,Donna Allen,41,Female,40366.00,50050.00,60,3.56,Good,756,Low
409,Anthony Campbell,25,Male,42828.00,41275.00,36,22.27,Average,559,Medium
410,Larry Thompson,48,Male,71524.00,192945.00,72,8.35,Good,656,Low
411,Ryan Hill,25,Male,57257.00,137336.00,48,3.73,Good,658,Low
412,Christopher King,40,Male,41755.00,58440.00,72,3.82,Good,772,Low
413,Patrick Jones,28,Male,37355.00,35041.00,36,24.3,Good,560,Low
414,Virginia Hall,36,Female,60482.00,64842.00,84,9.95,Good,688,Low
415,Jennifer Rivera,34,Female,58343.00,227513.00,60,4.69,Good,759,Low
416,Brenda Nguyen,48,Female,67468.00,130782.00,48,11.08,Good,674,Low
417,Brandon Williams,36,Male,38401.00,58809.00,84,19.66,Good,559,Low
418,Brian Torres,51,Male,78378.00,98751.00,60,8.68,Good,714,Low
419,Anthony Clark,40,Male,63849.00,194152.00,48,8.26,Good,722,Low
420,Samantha Harris,25,Female,39294.00,99260.00,48,7.08,Average,720,Medium
421,Kenneth King,30,Male,59212.00,106034.00,60,9.75,Average,695,Low
422,Carolyn Williams,58,Female,56159.00,81158.00,60,13.68,Good,645,Low
423,Sharon Harris,34,Female,62549.00,115187.00,72,21.55,Average,559,Low
424,William King,25,Male,70045.00,138667.00,48,11.34,Average,644,Low
425,Deborah Nguyen,36,Female,30814.00,27931.00,60,4.72,Good,783,Low
426,Marie Anderson,45,Female,58339.00,66400.00,60,6.77,Good,712,Low
427,Ryan Roberts,52,Male,78050.00,243238.00,48,7.64,Good,716,Low
428,Kimberly Lee,70,Female,53063.00,110966.00,60,3.04,Good,732,Low
429,Laura Taylor,30,Female,38936.00,82917.00,60,4.57,Good,850,Low
430,Richard Anderson,34,Male,74044.00,97040.00,48,14.95,Average,619,Low
431,Brenda Thomas,39,Female,62472.00,144100.00,48,9.65,Good,693,Low
432,Victoria Smith,44,Female,59577.00,82670.00,72,17.29,Good,591,Low
433,Eric White,38,Male,75811.00,159292.00,72,3.64,Good,792,Low
434,Frances Mitchell,43,Female,30943.00,98293.00,60,9.63,Good,690,Low
435,David Brown,42,Male,49559.00,127628.00,60,7.4,Good,723,Low
436,Christopher Moore,52,Male,73936.00,30744.00,36,12.27,Good,620,Low
437,Ruth Rodriguez,47,Female,74919.00,79531.00,48,6.97,Good,713,Low
438,James Ramirez,55,Male,106696.00,273432.00,48,5.39,Good,783,Low
439,George Lee,50,Male,68767.00,123676.00,84,6.92,Good,771,Low
440,Samantha Jackson,65,Female,33630.00,78180.00,48,5.51,Good,758,Low
441,Jack Johnson,47,Male,86224.00,140345.00,60,17.38,Good,640,Low
442,Thomas Lee,47,Male,38021.00,115557.00,72,5.21,Good,732,Low
443,Frances Nelson,55,Female,79040.00,80348.00,84,4.72,Good,828,Low
444,Janet Taylor,25,Female,30014.00,36424.00,24,20.11,Average,587,Medium
445,Daniel Harris,38,Male,51661.00,78825.00,48,13.24,Good,604,Low
446,Laura Scott,59,Female,102462.00,140559.00,72,5.21,Good,850,Low
447,Lisa Perez,66,Female,127365.00,311916.00,84,3.99,Good,850,Low
448,Jason Nguyen,53,Male,62684.00,183485.00,72,8.35,Good,734,Low
449,Patrick Walker,40,Male,37377.00,57942.00,72,13.77,Good,543,Low
450,Dennis Flores,31,Male,38489.00,94205.00,60,19.63,Good,587,Medium
451,Betty Ramirez,38,Female,47199.00,77692.00,72,10.22,Good,668,Low
452,Robert Sanchez,62,Male,106695.00,209877.00,60,4.99,Good,772,Low
453,Amy Hernandez,27,Female,44449.00,81431.00,48,16.12,Good,605,Low
454,James Scott,41,Male,59323.00,98925.00,60,17.7,Good,627,Low
455,Jerry Torres,38,Male,47663.00,54112.00,84,12.5,Average,603,Medium
456,Christine Rodriguez,31,Female,55305.00,93972.00,60,16.26,Average,613,Low
457,Dorothy Nguyen,56,Female,65164.00,88340.00,84,18.63,Average,536,Medium
458,Debra Wilson,40,Female,25000.00,38779.00,48,12.4,Good,683,Low
459,Joyce Scott,36,Female,40084.00,85903.00,60,4.22,Good,768,Low
460,Richard Wilson,43,Male,86157.00,63118.00,72,7.81,Good,692,Low
461,Helen Baker,66,Female,134441.00,409975.00,84,3.86,Good,761,Low
462,Daniel Ramirez,51,Male,25000.00,61370.00,60,8.19,Good,732,Low
463,Ryan Martinez,57,Male,65934.00,113253.00,72,5.02,Good,757,Low
464,Amy Young,37,Female,46084.00,64492.00,84,8.74,Good,687,Low
465,Alexander Scott,68,Male,79526.00,163980.00,72,17.55,Good,604,Low
466,Ruth Thomas,36,Female,37855.00,79201.00,48,18.86,Average,589,Medium
467,Larry Baker,27,Male,41484.00,95169.00,72,15.93,Poor,551,High
468,Charles White,25,Male,36330.00,120243.00,84,4.72,Good,724,Low
469,John Gonzalez,42,Male,78446.00,235659.00,48,5.24,Good,850,Low
470,Ruth Gonzalez,37,Female,33204.00,15832.00,24,6.65,Good,725,Low
471,James Robinson,50,Male,74028.00,192573.00,48,9.14,Good,667,Low
472,Andrew Mitchell,49,Male,88311.00,130942.00,72,3.82,Good,850,Low
473,Jonathan Nguyen,36,Male,59197.00,42578.00,36,10.24,Good,680,Low
474,Emma Moore,63,Female,63190.00,200592.00,60,4.42,Good,797,Low
475,Rachel Lewis,53,Female,76591.00,105361.00,48,5.52,Good,850,Low
476,Virginia White,35,Female,41647.00,49129.00,36,16.95,Good,581,Low
477,Sharon Flores,33,Female,43555.00,44924.00,60,7.72,Good,707,Low
478,Brian Moore,52,Male,70724.00,190586.00,60,3.4,Good,754,Low
479,Scott Lee,25,Male,37558.00,40333.00,48,15.82,Good,612,Low
480,Nancy Taylor,50,Female,77978.00,110790.00,48,12.2,Good,682,Low
481,Jack Harris,44,Male,72475.00,107628.00,48,23.72,Good,594,Low
482,Nicholas Harris,48,Male,98205.00,281685.00,60,3.91,Good,832,Low
483,Ryan Rivera,28,Male,25549.00,38270.00,36,20.59,Average,520,Medium
484,Jennifer Davis,46,Female,70757.00,147534.00,72,19.23,Good,575,Low
485,Nicholas Lee,37,Male,39173.00,73585.00,72,8.86,Good,683,Low
486,Douglas Roberts,31,Male,64909.00,107014.00,72,5.94,Good,695,Low
487,Helen Harris,53,Female,45032.00,140996.00,72,4.22,Good,761,Low
488,Daniel Allen,48,Male,82878.00,146863.00,60,6.36,Good,748,Low
489,Carol Brown,54,Female,74265.00,200577.00,72,5.44,Good,831,Low
490,Ronald Harris,25,Male,56954.00,113793.00,48,6.96,Average,721,Low
491,Kimberly Hall,30,Female,25000.00,58587.00,84,13.37,Good,627,Medium
492,Mark Campbell,32,Male,27216.00,32498.00,48,14.59,Average,616,Medium
493,Justin Mitchell,32,Male,56288.00,111532.00,60,4.44,Average,684,Low
494,Janet Walker,30,Female,25383.00,35948.00,48,20.68,Good,505,Low
495,Ryan Hernandez,43,Male,66545.00,149358.00,84,4.23,Good,760,Low
496,Daniel Davis,39,Male,37101.00,23444.00,48,17.84,Average,574,Medium
497,Alexander Sanchez,27,Male,70565.00,117579.00,60,17.18,Average,576,Low
498,Kimberly Carter,25,Female,36426.00,75940.00,60,15.09,Good,615,Medium
499,Thomas Garcia,48,Male,82082.00,153738.00,72,3.03,Good,775,Low
500,Eric Hill,54,Male,75114.00,128464.00,60,5.23,Good,714,Low
501,Patrick Anderson,63,Male,70971.00,244724.00,84,3.59,Good,834,Low
502,Linda Brown,40,Female,41012.00,63581.00,48,7.61,Good,712,Low
503,Scott Thompson,25,Male,54561.00,43941.00,48,16.74,Average,573,Medium
504,Mary Wright,25,Female,26214.00,52997.00,84,12.71,Good,638,Medium
505,Stephen Miller,57,Male,42569.00,101683.00,72,3.47,Good,723,Low
506,Edward Flores,53,Male,40683.00,102266.00,48,6.28,Good,730,Low
507,Donna Garcia,50,Female,73745.00,137728.00,60,6.52,Good,747,Low
508,Helen Gonzalez,48,Female,59879.00,139999.00,48,7.95,Good,747,Low
509,Marie Thomas,48,Female,69026.00,142976.00,48,10.53,Good,685,Low
510,Carolyn Baker,30,Female,50701.00,157518.00,72,4.14,Good,828,Low
511,Ronald Walker,35,Male,33847.00,43024.00,60,4.94,Good,783,Low
512,Frances Young,48,Female,48595.00,110864.00,48,5.18,Good,766,Low
513,Amy Nelson,38,Female,38403.00,44101.00,36,14.16,Good,596,Low
514,Timothy Robinson,32,Male,46750.00,93794.00,48,22.51,Good,496,Medium
515,Frank Gonzalez,47,Male,60408.00,116284.00,84,8.4,Good,724,Low
516,Donald Nguyen,42,Male,88762.00,138996.00,72,16.23,Average,640,Low
517,Jack Garcia,58,Male,96639.00,49426.00,24,11.22,Good,654,Low
518,Susan Perez,29,Female,43721.00,73833.00,48,3.89,Good,755,Low
519,Patricia Martin,25,Female,30024.00,71400.00,48,14.85,Average,640,Medium
520,Betty Adams,35,Female,34414.00,83000.00,48,7.78,Average,685,Medium
521,Richard Taylor,36,Male,70038.00,33313.00,24,11.03,Good,661,Low
522,Ryan Wilson,51,Male,68786.00,240407.00,84,4.64,Good,792,Low
523,Carolyn Nelson,41,Female,53247.00,104363.00,48,13.18,Good,566,Low
524,Sarah Adams,53,Female,68522.00,135311.00,84,9.28,Good,676,Low
525,Jeffrey Smith,51,Male,68751.00,33195.00,60,14.82,Good,608,Low
526,Nancy Davis,29,Female,25000.00,9779.00,36,6.95,Average,689,Medium
527,George Miller,35,Male,58637.00,92050.00,48,8.36,Average,669,Low
528,Larry Johnson,39,Male,54019.00,52221.00,72,6.64,Good,780,Low
529,Dennis Williams,45,Male,49421.00,124473.00,60,4.47,Good,850,Low
530,Aaron Lewis,67,Male,159218.00,473282.00,84,3.89,Good,850,Low
531,Sharon Hernandez,44,Female,25000.00,14356.00,36,11.02,Good,654,Low
532,Janet Harris,46,Female,46426.00,68785.00,60,21.7,Good,577,Low
533,Emma Hall,40,Female,46012.00,45655.00,48,4.04,Good,788,Low
534,John Smith,40,Male,104946.00,443069.00,60,4.71,Good,799,Low
535,Helen Ramirez,33,Female,46679.00,103843.00,72,14.45,Average,638,Medium
536,Patrick Scott,27,Male,34968.00,52261.00,60,3.19,Good,717,Low
537,Diane Nguyen,46,Female,58464.00,67583.00,84,11.5,Average,624,Low
538,Amy Jackson,70,Female,100164.00,224142.00,60,6,Good,739,Low
539,Daniel Robinson,42,Male,90891.00,216145.00,60,17.64,Good,622,Low
540,Rachel Martinez,25,Female,35452.00,77282.00,72,15.39,Good,559,Medium
541,Alexander Hernandez,39,Male,75313.00,122258.00,60,8.31,Good,684,Low
542,Catherine Williams,61,Female,116584.00,292203.00,72,7.28,Good,738,Low
543,Robert Gonzalez,49,Male,62485.00,153281.00,72,5.86,Good,702,Low
544,Lisa King,45,Female,61087.00,74261.00,84,11.24,Good,699,Low
545,Larry Garcia,59,Male,129431.00,390287.00,60,5.5,Good,845,Low
546,Angela Williams,31,Female,32894.00,41308.00,60,14.2,Average,604,Medium
547,Ruth Smith,27,Female,43473.00,165083.00,84,7.1,Good,731,Low
548,Ashley Wright,25,Female,34740.00,56767.00,72,17.78,Poor,558,Medium
549,Donald Thomas,52,Male,79092.00,121113.00,84,3.09,Good,753,Low
550,Paul Miller,36,Male,91433.00,238690.00,84,4.63,Good,822,Low
551,Amy Williams,45,Female,45323.00,137413.00,48,7.85,Good,703,Low
552,Jessica Lee,51,Female,65790.00,71185.00,72,5.95,Good,772,Low
553,Douglas Adams,40,Male,42794.00,89753.00,48,3.95,Good,751,Low
554,Rachel Green,39,Female,40940.00,59570.00,48,6.43,Good,723,Low
555,Catherine Gonzalez,35,Female,25000.00,24863.00,36,9.31,Average,600,Medium
556,Angela Sanchez,41,Female,49991.00,103843.00,84,15.71,Average,597,Medium
557,Frances Jones,38,Female,52047.00,94543.00,72,4.89,Good,766,Low
558,Laura Campbell,70,Female,107777.00,245068.00,48,4.53,Good,846,Low
559,Betty Hernandez,33,Female,30131.00,23557.00,36,11.38,Good,611,Low
560,Samantha Lopez,51,Female,41424.00,88135.00,60,4.33,Good,714,Low
561,Marie Johnson,52,Female,92057.00,122005.00,84,7.07,Good,711,Low
562,Patrick Baker,37,Male,71921.00,227624.00,48,7.18,Good,730,Low
563,Jonathan Walker,25,Male,44688.00,55054.00,72,12.26,Good,649,Low
564,Jerry Davis,55,Male,94644.00,138331.00,72,4.75,Good,850,Low
565,Jeffrey Young,43,Male,47771.00,106439.00,84,5.2,Good,721,Low
566,Janet Rodriguez,46,Female,80026.00,129717.00,48,6.75,Good,717,Low
567,Michelle Walker,26,Female,48489.00,67102.00,84,15.17,Average,624,Medium
568,Robert Roberts,35,Male,67036.00,130426.00,84,4.41,Good,850,Low
569,Christopher Hall,25,Male,39771.00,69846.00,48,17.23,Average,611,Medium
570,Kimberly Lewis,36,Female,36308.00,35775.00,48,7.1,Average,666,Medium
571,Diane Gonzalez,42,Female,57941.00,91977.00,72,8.08,Good,725,Low
572,Joshua Lopez,50,Male,63753.00,173441.00,48,19.41,Good,614,Low
573,Frank Clark,62,Male,84659.00,193082.00,60,4.51,Good,771,Low
574,William Hill,25,Male,68983.00,98466.00,48,18.76,Average,512,Medium
575,Brian Harris,47,Male,58217.00,95807.00,48,16.55,Average,564,Medium
576,Carol White,54,Female,64406.00,113527.00,72,4.18,Good,760,Low
577,Carol Lewis,44,Female,61426.00,86188.00,84,9.78,Good,640,Low
578,Sarah Williams,25,Female,53606.00,100200.00,84,13.54,Good,473,Low
579,Kenneth Campbell,25,Male,42092.00,139321.00,84,5.24,Average,706,Medium
580,Virginia Lopez,46,Female,65430.00,189828.00,84,3.66,Good,786,Low
581,Ronald Jones,46,Male,81710.00,71170.00,48,5.59,Good,709,Low
582,Victoria Jones,41,Female,79142.00,133414.00,48,13.29,Average,652,Low
583,Joyce Torres,34,Female,41925.00,87621.00,60,16.82,Good,555,Medium
584,Brenda Gonzalez,40,Female,60222.00,71821.00,60,14.48,Average,603,Low
585,Betty Campbell,41,Female,47248.00,86472.00,72,17.64,Good,639,Low
586,Patrick Allen,30,Male,44779.00,69828.00,60,4.69,Good,770,Low
587,Betty Williams,26,Female,54565.00,98903.00,60,14.58,Good,607,Low
588,Ruth Garcia,56,Female,86523.00,254500.00,48,3,Good,820,Low
589,Donald Harris,25,Male,45830.00,118493.00,84,4.55,Good,773,Low
590,Betty Young,56,Female,41199.00,70279.00,84,7.4,Good,745,Low
591,Emma Taylor,47,Female,42942.00,89085.00,84,4.76,Good,796,Low
592,Cynthia Thomas,42,Female,59668.00,145186.00,72,3.55,Good,827,Low
593,Sandra Rivera,36,Female,38274.00,69605.00,60,20.76,Good,586,Low
594,Olivia Wilson,39,Female,60587.00,128038.00,84,9.29,Good,667,Low
595,Michelle Rivera,40,Female,56727.00,81593.00,72,17.6,Good,575,Low
596,Christopher Thomas,40,Male,87268.00,237691.00,84,5.34,Good,738,Low
597,Susan Wilson,42,Female,83201.00,62312.00,84,22.47,Average,573,Low
598,Rachel Smith,52,Female,73060.00,80188.00,72,4.88,Good,810,Low
599,Jeffrey Gonzalez,38,Male,60937.00,88996.00,72,10.67,Good,648,Low
600,Rachel Thompson,35,Female,80440.00,142816.00,48,19.74,Average,432,Medium
601,Nicholas Davis,37,Male,45003.00,127620.00,84,11.2,Average,639,Medium
602,Mary Hernandez,32,Female,28320.00,64567.00,72,5.01,Good,724,Low
603,Amy Roberts,25,Female,33852.00,71589.00,48,9.88,Average,610,Medium
604,David Green,48,Male,99404.00,128085.00,60,6.6,Good,713,Low
605,Richard Adams,50,Male,38180.00,100019.00,48,5.77,Good,803,Low
606,Edward Allen,39,Male,45392.00,118193.00,60,21.4,Average,567,Medium
607,Christine Carter,57,Female,73133.00,105205.00,84,5.94,Good,800,Low
608,George White,30,Male,45516.00,95116.00,72,7,Good,679,Low
609,Richard Perez,42,Male,76502.00,134718.00,72,8.13,Good,707,Low
610,Mark Rodriguez,31,Male,41957.00,106620.00,48,7.05,Average,656,Medium
611,Eric Perez,31,Male,45110.00,119873.00,48,7.24,Good,708,Low
612,Richard Taylor,45,Male,75291.00,206369.00,48,5.06,Good,850,Low
613,Michael Sanchez,46,Male,59927.00,68224.00,48,4.71,Good,781,Low
614,John Allen,43,Male,64656.00,170642.00,72,7.35,Good,739,Low
615,Karen Harris,28,Female,50294.00,123010.00,48,7.6,Average,673,Medium
616,Catherine Rodriguez,25,Female,30565.00,14714.00,24,18.48,Poor,525,Medium
617,Helen Carter,37,Female,49406.00,130048.00,48,4.43,Good,753,Low
618,Donna Davis,64,Female,119023.00,284934.00,84,4,Good,767,Low
619,Joshua Campbell,29,Male,72212.00,73168.00,84,15.44,Good,622,Low
620,Richard Lewis,26,Male,31773.00,19170.00,12,5.95,Average,673,Medium
621,John Hill,45,Male,60166.00,105406.00,72,16.53,Good,637,Low
622,Brenda Campbell,43,Female,49530.00,92262.00,60,11.19,Good,652,Low
623,Olivia Roberts,33,Female,62422.00,68854.00,72,8.45,Good,662,Low
624,Angela Jackson,39,Female,52666.00,190678.00,72,4.92,Good,724,Low
625,Kevin Anderson,52,Male,57763.00,122194.00,48,19.48,Good,582,Low
626,Kenneth Hall,35,Male,54857.00,67512.00,84,4.98,Good,700,Low
627,Victoria Thompson,25,Female,41850.00,138751.00,60,12.11,Average,661,Medium
628,Jerry Thomas,47,Male,70814.00,230875.00,84,6.36,Good,764,Low
629,Emma Clark,54,Female,81737.00,146830.00,72,14.75,Good,617,Low
630,Samantha Wilson,42,Female,41147.00,46170.00,24,11.46,Good,657,Low
631,Larry Anderson,39,Male,70832.00,92344.00,84,23.48,Average,587,Low
632,Daniel Thomas,30,Male,86367.00,147870.00,48,12.49,Average,609,Low
633,Virginia Rivera,25,Female,42024.00,83603.00,84,4.68,Good,796,Low
634,Susan Harris,25,Female,55357.00,97969.00,48,19,Good,577,Low
635,Brian Garcia,40,Male,55776.00,101243.00,84,10.52,Good,671,Low
636,Barbara Hernandez,46,Female,61202.00,137270.00,72,7.44,Good,727,Low
637,Sharon Wilson,40,Female,58665.00,82860.00,84,10.59,Average,609,Low
638,Matthew Sanchez,37,Male,50430.00,45488.00,24,12.53,Good,688,Low
639,Debra Hernandez,25,Female,47668.00,42208.00,60,5.55,Average,711,Low
640,Linda Thompson,37,Female,49296.00,72835.00,60,3.89,Good,701,Low
641,Christopher Davis,34,Male,77524.00,171068.00,72,9.95,Average,659,Medium
642,Daniel Jones,42,Male,30862.00,40352.00,36,16.12,Good,632,Low
643,Susan Harris,28,Female,48079.00,49334.00,48,16.47,Good,591,Low
644,Janet Campbell,32,Female,40192.00,100392.00,84,7.63,Good,742,Low
645,Kimberly Mitchell,47,Female,79987.00,123539.00,48,4.84,Good,850,Low
646,Carol Smith,40,Female,57078.00,40616.00,48,8.81,Good,690,Low
647,Dennis Perez,65,Male,64443.00,234577.00,48,5.15,Good,812,Low
648,Ryan Sanchez,48,Male,67448.00,223713.00,48,4.03,Good,775,Low
649,Karen Flores,41,Female,50397.00,66158.00,84,12.2,Good,674,Low
650,Joseph Torres,31,Male,25000.00,49397.00,36,6.47,Good,736,Low
651,Angela Jones,57,Female,95880.00,302815.00,60,9.23,Good,739,Low
652,Diane Brown,43,Female,61186.00,13161.00,12,16.79,Good,627,Low
653,Jack King,25,Male,40239.00,70905.00,84,19.27,Average,415,Medium
654,Alexander Baker,34,Male,78842.00,152681.00,60,9.76,Good,739,Low
655,Jason Young,38,Male,59874.00,145351.00,84,9.81,Good,697,Low
656,Robert Hall,48,Male,99889.00,130974.00,72,8.95,Good,679,Low
657,William King,57,Male,89211.00,251822.00,84,6.56,Good,723,Low
658,George Smith,42,Male,48979.00,94670.00,60,12.83,Average,614,Medium
659,Frances Lewis,43,Female,49952.00,29928.00,24,5.73,Good,708,Low
660,Ryan Roberts,46,Male,59832.00,87595.00,84,10.11,Good,664,Low
661,Frances Rodriguez,28,Female,31364.00,70029.00,60,14.14,Average,647,Medium
662,Jerry Nelson,37,Male,43197.00,98204.00,48,17.39,Average,548,Medium
663,Diane Hernandez,45,Female,85760.00,143471.00,84,9.21,Good,676,Low
664,Jacob Davis,29,Male,56633.00,115263.00,84,6.69,Good,719,Low
665,Benjamin Adams,53,Male,36989.00,51278.00,60,11.58,Good,684,Low
666,Marie Martinez,38,Female,49949.00,125267.00,60,4.25,Good,792,Low
667,Nancy Wilson,41,Female,26953.00,37930.00,36,3,Good,759,Low
668,Brandon Gonzalez,25,Male,38466.00,83763.00,72,9.96,Good,662,Low
669,Douglas Smith,39,Male,74925.00,199415.00,84,5.21,Good,826,Low
670,Alexander White,44,Male,58319.00,155168.00,84,8.67,Good,716,Low
671,James Sanchez,25,Male,61251.00,92156.00,84,9.68,Average,653,Low
672,Sandra Thompson,42,Female,59895.00,173188.00,72,3,Good,769,Low
673,Janet Baker,33,Female,51734.00,66679.00,72,4.98,Good,718,Low
674,Rachel Green,56,Female,68660.00,83982.00,84,19.33,Average,542,Low
675,Steven Robinson,44,Male,69569.00,225149.00,60,3.96,Good,763,Low
676,Jonathan Robinson,27,Male,46332.00,100419.00,72,10.39,Average,663,Medium
677,Frank Scott,61,Male,86683.00,166588.00,72,3.97,Good,850,Low
678,Ashley Robinson,57,Female,76947.00,170454.00,60,4.54,Good,761,Low
679,Sarah Rodriguez,62,Female,87568.00,162007.00,72,18.58,Good,560,Low
680,Carolyn Scott,42,Female,32534.00,17153.00,12,6.66,Good,660,Low
681,Robert Taylor,35,Male,50896.00,85565.00,60,10.28,Good,657,Low
682,Ryan Roberts,52,Male,45333.00,151945.00,60,4.11,Good,809,Low
683,Mary King,38,Female,45179.00,107945.00,72,4.78,Good,733,Low
684,Aaron Perez,47,Male,46212.00,76686.00,48,8.86,Good,704,Low
685,Kimberly Sanchez,33,Female,62539.00,78732.00,84,8.4,Good,675,Low
686,Maria Garcia,33,Female,60417.00,87565.00,72,19.64,Good,596,Low
687,Frances Martinez,35,Female,53196.00,112302.00,72,22.93,Average,573,Medium
688,Kevin Johnson,55,Male,58905.00,109925.00,48,9.68,Good,687,Low
689,Douglas Nelson,51,Male,89685.00,302008.00,48,3.49,Good,760,Low
690,Timothy Hill,39,Male,76357.00,250051.00,48,4.06,Good,828,Low
691,Susan Torres,43,Female,66354.00,100208.00,48,9.02,Good,683,Low
692,James Thomas,45,Male,42555.00,155175.00,60,7.76,Good,722,Low
693,Jerry Green,35,Male,55134.00,167918.00,84,6.13,Good,730,Low
694,William Johnson,69,Male,89233.00,274933.00,84,5.37,Good,793,Low
695,Tyler Lewis,28,Male,74052.00,103711.00,84,6.51,Average,693,Low
696,Frances Perez,58,Female,80303.00,198322.00,84,5.86,Good,725,Low
697,Diane Anderson,25,Female,47179.00,66146.00,84,20,Good,592,Low
698,Lisa Rodriguez,36,Female,56213.00,129464.00,48,13.87,Good,617,Low
699,Brandon Nelson,67,Male,88448.00,159260.00,48,5.07,Good,841,Low
700,Victoria Lewis,47,Female,44726.00,77769.00,48,14.34,Good,636,Low
701,Ryan Jones,53,Male,90344.00,197865.00,48,5.31,Good,850,Low
702,Joseph Sanchez,25,Male,73739.00,121252.00,84,16.5,Poor,560,Medium
703,Patrick Flores,37,Male,25000.00,29275.00,36,21.25,Average,585,Medium
704,Nicholas Allen,36,Male,62325.00,95689.00,72,13.46,Average,619,Low
705,Catherine Ramirez,34,Female,44593.00,76758.00,72,16.85,Average,547,Medium
706,Steven Martin,38,Male,33400.00,45394.00,36,6.81,Good,721,Low
707,Charles Rivera,46,Male,46931.00,47125.00,36,10.74,Good,667,Low
708,Cynthia Scott,50,Female,46992.00,62535.00,48,22.74,Good,530,Low
709,Scott Thomas,38,Male,87953.00,375251.00,60,6.38,Good,822,Low
710,Joseph Rodriguez,67,Male,116626.00,266069.00,60,3.49,Good,779,Low
711,Edward Ramirez,45,Male,101917.00,208764.00,84,9.08,Good,670,Low
712,Maria Martin,29,Female,40286.00,36965.00,60,15.05,Average,604,Medium
713,Charles Nelson,42,Male,25000.00,45426.00,24,5.64,Good,750,Low
714,David Rivera,56,Male,130497.00,158611.00,60,7.24,Good,691,Low
715,Deborah Thomas,54,Female,106425.00,322333.00,84,4.88,Good,791,Low
716,Frances Carter,58,Female,101979.00,337985.00,48,3.78,Good,834,Low
717,Marie Moore,26,Female,48505.00,73595.00,60,16.11,Good,635,Low
718,Jonathan Miller,25,Male,49190.00,81416.00,84,16.24,Good,562,Low
719,Daniel Miller,48,Male,85695.00,216837.00,60,9.7,Good,651,Low
720,Cynthia Jackson,46,Female,58067.00,155982.00,60,4.87,Good,712,Low
721,Jessica Miller,25,Female,39903.00,93816.00,84,8.89,Average,623,Medium
722,Timothy White,25,Male,43592.00,168433.00,48,5.44,Good,802,Low
723,Douglas Allen,39,Male,54301.00,147065.00,48,8.55,Good,734,Low
724,Patrick Campbell,50,Male,113013.00,343146.00,48,4.53,Good,850,Low
725,Jacob Mitchell,25,Male,53595.00,44951.00,24,12.67,Good,623,Low
726,Maria Nguyen,30,Female,43642.00,74206.00,48,7.47,Good,719,Low
727,Catherine Roberts,39,Female,43605.00,118791.00,60,6.21,Good,729,Low
728,Debra Martinez,33,Female,52811.00,82874.00,84,15.35,Average,627,Low
729,Carol King,46,Female,44006.00,64611.00,72,5.89,Good,843,Low
730,Lisa Hernandez,44,Female,47664.00,29414.00,60,14.65,Good,615,Low
731,Stephen Young,47,Male,92784.00,177280.00,60,7.65,Good,655,Low
732,Ruth Walker,39,Female,54390.00,70014.00,84,10.8,Good,687,Low
733,Karen Wright,53,Female,76534.00,54801.00,84,3,Good,756,Low
734,Jason Rodriguez,40,Male,25000.00,43325.00,48,3.24,Good,750,Low
735,Brian Williams,40,Male,103401.00,106975.00,84,7.98,Good,679,Low
736,Amy Martin,30,Female,34030.00,77598.00,60,18.23,Good,525,Medium
737,Matthew Davis,43,Male,81517.00,174430.00,84,21.22,Good,591,Low
738,Olivia Thompson,40,Female,78121.00,166323.00,72,11.37,Good,669,Low
739,Jessica Walker,36,Female,29939.00,54657.00,72,11.46,Average,618,Medium
740,Nicholas Adams,39,Male,67532.00,122298.00,48,15.28,Average,563,Low
741,Douglas White,43,Male,80765.00,144365.00,48,14.64,Average,603,Low
742,Charles Miller,30,Male,25147.00,43548.00,48,18.3,Average,614,Medium
743,William Nelson,43,Male,91865.00,218783.00,60,8.97,Good,662,Low
744,Frances Ramirez,42,Female,30919.00,88836.00,48,5.98,Good,730,Low
745,Maria Gonzalez,53,Female,54903.00,60425.00,72,5.66,Good,719,Low
746,Sharon Martinez,36,Female,44053.00,106691.00,72,15.08,Average,648,Medium
747,Carolyn Rivera,55,Female,84986.00,209943.00,60,7.25,Good,713,Low
748,Benjamin White,29,Male,53716.00,99621.00,84,14.59,Average,612,Medium
749,Donald Rivera,59,Male,116098.00,236278.00,48,4.39,Good,769,Low
750,Janet Martin,46,Female,64571.00,118024.00,84,3.95,Good,759,Low
751,Samantha White,47,Female,29735.00,43270.00,48,16.57,Good,512,Low
752,Donald Davis,35,Male,95073.00,62937.00,72,7.85,Good,711,Low
753,Christine Williams,46,Female,25000.00,34654.00,60,11.17,Good,669,Low
754,Dennis Hill,47,Male,60610.00,83205.00,72,20.96,Average,594,Low
755,William Lee,38,Male,58313.00,87259.00,84,10.01,Average,664,Low
756,Christine Clark,48,Female,50027.00,183930.00,60,5.03,Good,723,Low
757,Jerry Thomas,37,Male,85377.00,140475.00,60,4.18,Good,777,Low
758,Sharon Mitchell,50,Female,44456.00,113814.00,72,3.07,Good,807,Low
759,Jerry Williams,48,Male,63059.00,148455.00,72,6.5,Good,746,Low
760,Virginia Wilson,27,Female,44020.00,86048.00,60,13.17,Good,624,Low
761,Mary Martinez,43,Female,43305.00,96868.00,72,9.49,Good,659,Low
762,Linda Hernandez,36,Female,52966.00,207934.00,84,5.17,Good,758,Low
763,Diane Hall,25,Female,28788.00,50219.00,72,3.77,Good,754,Low
764,Jason Miller,34,Male,95996.00,78654.00,60,4.06,Good,726,Low
765,Timothy Johnson,49,Male,69521.00,92582.00,60,11.63,Good,688,Low
766,Donna Young,55,Female,87358.00,188178.00,60,5.65,Good,735,Low
767,Barbara Wilson,55,Female,75671.00,121653.00,48,3,Good,769,Low
768,Julie Robinson,62,Female,67807.00,209854.00,84,3.62,Good,850,Low
769,Thomas Lewis,63,Male,76163.00,188774.00,72,3.1,Good,766,Low
770,Steven Thompson,34,Male,79049.00,170470.00,48,6.09,Good,736,Low
771,Thomas Flores,46,Male,85887.00,115602.00,84,8.95,Good,702,Low
772,Jacob Young,25,Male,44273.00,113513.00,60,6.84,Average,719,Medium
773,William Moore,58,Male,66910.00,97947.00,72,5.25,Good,819,Low
774,Jessica Jackson,39,Female,55491.00,38235.00,36,8.83,Good,720,Low
775,Emma Baker,35,Female,52340.00,81867.00,48,9.69,Good,697,Low
776,Deborah Harris,49,Female,91527.00,130151.00,60,4.22,Good,815,Low
777,Jessica Hernandez,46,Female,68058.00,176847.00,48,5.63,Good,716,Low
778,Paul Robinson,44,Male,65425.00,187976.00,72,5.37,Good,850,Low
779,Mark Mitchell,39,Male,84675.00,217850.00,84,3,Good,797,Low
780,Carol Lee,26,Female,30079.00,31187.00,48,21.26,Average,554,Medium
781,Catherine Miller,47,Female,42366.00,175241.00,84,5.06,Good,829,Low
782,Michelle Nelson,64,Female,58848.00,71045.00,84,11.14,Good,649,Low
783,Daniel Jackson,34,Male,72306.00,144841.00,72,13.71,Average,667,Medium
784,Rachel Hernandez,29,Female,34020.00,56562.00,72,6.07,Average,715,Medium
785,Jason Walker,27,Male,54624.00,29405.00,24,16.19,Good,569,Low
786,Gary Jackson,37,Male,52337.00,71634.00,72,13.18,Average,646,Low
787,Janet Thompson,53,Female,25000.00,80563.00,60,6.47,Good,745,Low
788,Brenda Scott,46,Female,60107.00,53542.00,60,3.97,Good,846,Low
789,Jeffrey Ramirez,58,Male,37124.00,73899.00,84,3.58,Good,802,Low
790,Henry Nguyen,45,Male,85345.00,134026.00,84,3.56,Good,836,Low
791,Jeffrey Scott,47,Male,104575.00,372356.00,84,5.45,Good,751,Low
792,Jonathan Moore,42,Male,48215.00,58995.00,84,4.3,Good,850,Low
793,Stephen Davis,32,Male,46530.00,65901.00,60,12.78,Average,610,Medium
794,Diane Torres,46,Female,70717.00,110607.00,72,10.38,Good,678,Low
795,Diane Hill,39,Female,28632.00,7441.00,36,9.83,Average,610,Medium
796,Virginia Nguyen,38,Female,79562.00,152143.00,60,10.04,Good,669,Low
797,Patricia Green,37,Female,51333.00,79232.00,48,6.73,Good,739,Low
798,Benjamin King,66,Male,103200.00,284571.00,84,10.44,Good,691,Low
799,Patricia Rodriguez,55,Female,82577.00,338911.00,84,7.28,Good,738,Low
800,Daniel Roberts,42,Male,64429.00,33154.00,24,11.28,Good,692,Low
801,Carolyn Green,37,Female,52229.00,190996.00,48,3.43,Good,801,Low
802,Sharon Garcia,35,Female,59419.00,43170.00,60,12.6,Good,633,Low
803,David Torres,44,Male,82783.00,254145.00,60,3.53,Good,766,Low
804,Timothy Miller,55,Male,65241.00,151806.00,48,10.94,Good,698,Low
805,Donald Green,40,Male,62873.00,90344.00,84,16.8,Good,568,Low
806,Angela Clark,25,Female,44674.00,65655.00,60,10.19,Good,629,Low
807,Ashley Gonzalez,55,Female,44862.00,48972.00,36,21.12,Good,483,Low
808,Ryan Thomas,70,Male,71164.00,70012.00,72,13.71,Good,606,Low
809,Christopher Moore,35,Male,70836.00,171897.00,60,3.34,Good,773,Low
810,Jennifer Torres,37,Female,60897.00,109531.00,48,13.87,Good,563,Low
811,Sandra Jones,34,Female,30149.00,48864.00,60,13.51,Good,600,Low
812,Debra Perez,48,Female,54504.00,73550.00,84,16.41,Good,620,Low
813,Ashley Hall,46,Female,72102.00,252103.00,60,3.93,Good,793,Low
814,Jennifer Harris,39,Female,54747.00,136108.00,60,20.51,Good,581,Low
815,Timothy Brown,34,Male,58194.00,133461.00,48,15.03,Good,498,Low
816,Carol Wilson,57,Female,53223.00,98607.00,48,12.91,Good,690,Low
817,Amy Walker,45,Female,59299.00,115683.00,48,4.9,Good,838,Low
818,Virginia Roberts,50,Female,51966.00,102625.00,72,11.75,Good,696,Low
819,Henry Mitchell,44,Male,88576.00,43445.00,36,9.42,Good,662,Low
820,Eric Lee,45,Male,79444.00,184497.00,60,3.88,Good,726,Low
821,Jack Roberts,52,Male,59188.00,182102.00,48,5.79,Good,771,Low
822,Daniel Lee,25,Male,36862.00,76272.00,84,5.42,Good,773,Low
823,Ryan Hill,46,Male,85286.00,97446.00,84,4.94,Good,758,Low
824,Jerry Moore,58,Male,79563.00,202781.00,48,7.38,Good,713,Low
825,Ashley Hill,57,Female,86651.00,191520.00,60,9.61,Good,650,Low
826,Ronald Jones,34,Male,48021.00,62871.00,72,3,Good,757,Low
827,Sarah Young,33,Female,26966.00,53007.00,84,9.24,Good,713,Low
828,Christine Martin,45,Female,45768.00,84705.00,84,4.62,Good,781,Low
829,Frank Williams,52,Male,58686.00,236610.00,48,4.14,Good,761,Low
830,Elizabeth Young,42,Female,59410.00,105338.00,84,4.33,Good,702,Low
831,Catherine Johnson,68,Female,99162.00,231706.00,60,6.28,Good,850,Low
832,Brenda Wilson,49,Female,65076.00,200418.00,48,8.35,Good,694,Low
833,Deborah Hernandez,42,Female,49249.00,71331.00,48,5.47,Good,767,Low
834,William Torres,48,Male,59909.00,153721.00,72,3.4,Good,771,Low
835,Heather Flores,39,Female,78455.00,161618.00,84,7.79,Good,708,Low
836,Daniel Ramirez,30,Male,51379.00,116702.00,84,7.9,Average,687,Medium
837,Cynthia Harris,25,Female,46212.00,90380.00,60,10.8,Average,679,Low
838,Douglas Torres,41,Male,82909.00,171073.00,72,3.59,Good,768,Low
839,Tyler Moore,62,Male,83532.00,97194.00,48,14.32,Good,645,Low
840,Julie Clark,38,Female,49930.00,82573.00,60,9.15,Average,659,Low
841,Patricia Robinson,36,Female,47189.00,81169.00,84,8.64,Good,690,Low
842,Olivia Perez,25,Female,43725.00,73196.00,72,18.71,Average,537,Medium
843,Marie Martinez,29,Female,42566.00,86879.00,48,14.59,Good,647,Low
844,Patricia Torres,44,Female,49174.00,134603.00,84,5.34,Good,758,Low
845,Angela Rivera,49,Female,66666.00,258687.00,60,5.93,Good,808,Low
846,Betty Allen,52,Female,63452.00,108022.00,72,9.42,Good,691,Low
847,Samantha Smith,60,Female,51172.00,213122.00,48,3.54,Good,772,Low
848,Scott Roberts,38,Male,53207.00,51402.00,60,17.25,Average,537,Medium
849,Sandra Hernandez,34,Female,56029.00,169174.00,72,4.03,Good,787,Low
850,Julie Moore,27,Female,32171.00,71241.00,84,3.29,Good,795,Low
851,Carolyn Lewis,26,Female,29446.00,60202.00,72,18.71,Average,595,Medium
852,Eric Wilson,46,Male,85446.00,242221.00,72,3.71,Good,729,Low
853,Carolyn Rodriguez,49,Female,91056.00,195720.00,60,3,Good,820,Low
854,Helen Campbell,63,Female,71744.00,179540.00,60,3.52,Good,835,Low
855,Patricia Jones,28,Female,37946.00,43097.00,24,15.43,Average,647,Medium
856,Jason Hill,42,Male,66663.00,88159.00,72,10.4,Good,696,Low
857,Mary Nelson,47,Female,51273.00,75643.00,48,12.32,Good,647,Low
858,Cynthia Carter,27,Female,31616.00,82901.00,72,12.33,Average,662,Medium
859,Virginia Smith,41,Female,45439.00,73775.00,48,10.09,Good,669,Low
860,Michelle Martinez,25,Female,25000.00,36050.00,36,8.7,Average,687,Medium
861,Brian Robinson,38,Male,57985.00,161865.00,72,7.19,Good,722,Low
862,Angela Flores,40,Female,71242.00,124420.00,84,18.38,Average,587,Low
863,Jerry Baker,59,Male,76301.00,226578.00,84,5.25,Good,803,Low
864,Henry Jones,31,Male,34504.00,74666.00,72,10.46,Average,657,Medium
865,Maria Hill,32,Female,58106.00,59208.00,84,17.93,Average,518,Medium
866,Joyce Miller,44,Female,58862.00,209279.00,72,4.33,Good,823,Low
867,Mark Adams,29,Male,50763.00,92583.00,72,9.77,Average,648,Low
868,Alexander Lee,44,Male,57257.00,126863.00,72,6.8,Good,700,Low
869,Mark Perez,46,Male,41545.00,72880.00,84,12.07,Good,613,Low
870,Tyler Taylor,39,Male,59091.00,78135.00,48,9.51,Average,661,Low
871,Paul Rivera,31,Male,25715.00,41940.00,36,22.14,Average,592,Medium
872,Ashley Moore,29,Female,38066.00,56785.00,60,14.51,Average,615,Medium
873,Linda Jones,49,Female,84815.00,227543.00,60,8.23,Good,748,Low
874,Jonathan Taylor,37,Male,81028.00,152594.00,84,3,Good,738,Low
875,William Garcia,34,Male,66912.00,84550.00,72,10.8,Average,645,Low
876,Gary Flores,41,Male,89155.00,141873.00,84,22.11,Average,574,Low
877,George Johnson,56,Male,99075.00,476988.00,60,4.92,Good,751,Low
878,Kenneth Jones,41,Male,38264.00,64122.00,84,5.99,Good,752,Low
879,Sarah Garcia,25,Female,42843.00,39731.00,48,18.89,Average,597,Medium
880,Jonathan Allen,40,Male,78196.00,153680.00,60,6.65,Good,746,Low
881,Charles Williams,37,Male,60577.00,124255.00,72,7.16,Good,699,Low
882,Frances Wright,55,Female,52231.00,138721.00,84,3.07,Good,772,Low
883,Elizabeth Nelson,58,Female,101589.00,238855.00,72,6.11,Good,850,Low
884,Ronald Hill,35,Male,74865.00,220236.00,60,4.68,Good,798,Low
885,Lisa Jones,34,Female,64216.00,200281.00,72,7.98,Good,728,Low
886,Dennis Gonzalez,29,Male,37768.00,54896.00,72,21.32,Average,594,Medium
887,Patrick Clark,52,Male,60884.00,132761.00,84,4.87,Good,779,Low
888,Brian Miller,44,Male,59973.00,202175.00,60,3.73,Good,759,Low
889,Karen Martin,30,Female,49010.00,85931.00,72,6.59,Good,688,Low
890,Cynthia Rivera,35,Female,38219.00,71762.00,84,10.06,Average,635,Medium
891,Angela Thomas,55,Female,108102.00,198139.00,72,6.79,Good,707,Low
892,Daniel Hernandez,62,Male,92627.00,357895.00,60,3.16,Good,850,Low
893,Cynthia Williams,35,Female,59354.00,162030.00,60,10.5,Good,681,Low
894,Frances Lopez,37,Female,84460.00,162716.00,60,5.57,Good,850,Low
895,Elizabeth Jackson,39,Female,40489.00,61515.00,60,5.78,Good,703,Low
896,William Torres,51,Male,64775.00,66029.00,84,5.36,Good,761,Low
897,Christine Flores,39,Female,41449.00,95804.00,84,5.5,Good,793,Low
898,Larry Williams,42,Male,42069.00,63657.00,84,8.27,Good,677,Low
899,Matthew Miller,53,Male,88544.00,258948.00,72,11.14,Good,629,Low
900,Larry Williams,35,Male,79306.00,180124.00,84,6.09,Good,710,Low
901,Sarah Taylor,54,Female,30071.00,38237.00,24,5.92,Good,770,Low
902,Sandra Robinson,39,Female,48260.00,26965.00,60,11.52,Good,609,Low
903,Matthew Martinez,60,Male,64111.00,193689.00,60,5.15,Good,784,Low
904,Betty Campbell,50,Female,78241.00,180576.00,48,4.78,Good,805,Low
905,Andrew Roberts,36,Male,80353.00,319822.00,84,6.13,Good,756,Low
906,Matthew Anderson,51,Male,117989.00,245580.00,72,8.74,Good,737,Low
907,Diane Carter,48,Female,59128.00,39974.00,36,7.13,Good,678,Low
908,Lisa Gonzalez,25,Female,48100.00,105279.00,48,11.43,Good,610,Low
909,Tyler Allen,25,Male,52616.00,121535.00,72,13.66,Good,657,Low
910,George White,42,Male,44573.00,56035.00,48,8.58,Good,675,Low
911,Michelle Flores,33,Female,28846.00,46201.00,24,5.55,Good,733,Low
912,Nancy Green,49,Female,54747.00,139863.00,84,13.15,Good,652,Low
913,Betty Martinez,40,Female,52416.00,94749.00,60,6.2,Good,707,Low
914,Anthony Walker,62,Male,104674.00,289834.00,48,7.93,Good,728,Low
915,Olivia Sanchez,53,Female,82623.00,95499.00,84,5.64,Good,775,Low
916,Charles Walker,34,Male,58990.00,129947.00,84,5.73,Good,819,Low
917,Alexander Miller,44,Male,59925.00,253367.00,60,4.83,Good,794,Low
918,Jessica Wilson,39,Female,60958.00,126790.00,60,7.34,Good,677,Low
919,Amy Hall,42,Female,30248.00,93215.00,48,25,Average,570,Medium
920,Tyler Hill,40,Male,51461.00,106976.00,48,3,Good,708,Low
921,Samantha Carter,59,Female,95560.00,325263.00,72,7.27,Good,728,Low
922,Marie Green,44,Female,36457.00,83470.00,72,4.8,Good,763,Low
923,Victoria Ramirez,30,Female,66969.00,187564.00,60,3,Good,850,Low
924,Samantha Thomas,40,Female,54798.00,136715.00,48,14.47,Good,592,Low
925,Thomas Hill,29,Male,66035.00,100906.00,60,17.09,Poor,486,Medium
926,Frances Smith,38,Female,46657.00,38306.00,60,5.93,Good,850,Low
927,Joyce Garcia,48,Female,34368.00,77154.00,72,10.65,Good,646,Low
928,Jason Wilson,39,Male,69301.00,66897.00,60,10.74,Good,675,Low
929,Deborah Miller,62,Female,91376.00,189845.00,84,6.14,Good,740,Low
930,John Hernandez,25,Male,44351.00,26733.00,48,23.41,Good,560,Low
931,Janet Mitchell,42,Female,33948.00,72169.00,72,11.61,Average,645,Medium
932,James Lopez,49,Male,81261.00,152382.00,84,7.45,Good,713,Low
933,Tyler Rodriguez,40,Male,39988.00,76072.00,60,4.1,Good,700,Low
934,Diane Flores,39,Female,72883.00,91261.00,84,8.37,Good,701,Low
935,Victoria Harris,31,Female,54043.00,195241.00,72,5.91,Good,824,Low
936,Douglas Martin,45,Male,39777.00,49417.00,48,9.52,Good,673,Low
937,Ronald Lewis,25,Male,28320.00,57754.00,72,7.84,Good,640,Medium
938,Janet Smith,50,Female,47399.00,21322.00,48,9.74,Good,673,Low
939,Ruth Scott,47,Female,43376.00,111239.00,60,9.89,Good,683,Low
940,Larry Mitchell,25,Male,78776.00,157151.00,60,10.24,Average,697,Low
941,Donald Baker,29,Male,73059.00,149517.00,60,9.76,Good,650,Low
942,Nicholas Young,61,Male,49821.00,70126.00,60,7.18,Good,732,Low
943,Andrew Hernandez,31,Male,47784.00,184393.00,72,3.33,Good,738,Low
944,Larry Allen,40,Male,65996.00,83820.00,60,12.1,Good,696,Low
945,Ruth Rodriguez,44,Female,42176.00,68050.00,48,8.81,Good,692,Low
946,Nancy Lewis,47,Female,51722.00,103586.00,72,13.38,Good,625,Low
947,Larry Robinson,63,Male,46206.00,107812.00,72,8.69,Good,718,Low
948,Stephen Hall,33,Male,47855.00,107527.00,48,5.15,Good,742,Low
949,Timothy Young,37,Male,61532.00,77865.00,60,14.27,Good,629,Low
950,Jason Martin,36,Male,50811.00,49455.00,36,5.12,Good,733,Low
951,Heather Torres,60,Female,76256.00,219867.00,72,4.75,Good,730,Low
952,Catherine Hernandez,53,Female,107907.00,174229.00,48,4.82,Good,744,Low
953,Brenda Jackson,48,Female,83472.00,241782.00,48,6.21,Good,733,Low
954,Mary Mitchell,48,Female,40129.00,119239.00,48,5.22,Good,790,Low
955,Lisa Rivera,30,Female,38316.00,87458.00,72,10.44,Good,664,Low
956,Joyce Rodriguez,43,Female,47800.00,112261.00,60,11.9,Good,688,Low
957,Jacob Rodriguez,35,Male,93270.00,50098.00,60,7.39,Average,675,Low
958,Samantha Ramirez,35,Female,25000.00,51703.00,84,19.01,Average,489,Medium
959,James Taylor,46,Male,64251.00,194957.00,60,7.33,Good,722,Low
960,Ryan Robinson,49,Male,90334.00,129244.00,48,3.33,Good,779,Low
961,Henry Lee,36,Male,44869.00,118628.00,48,7.35,Good,717,Low
962,Jason Baker,38,Male,78820.00,101760.00,72,14.16,Average,633,Low
963,Linda Jackson,28,Female,47425.00,123494.00,72,14.36,Average,654,Medium
964,Janet Thomas,28,Female,42032.00,98844.00,48,5.64,Good,746,Low
965,Joseph Gonzalez,42,Male,99686.00,236168.00,60,7.8,Good,748,Low
966,Sarah Hall,43,Female,43630.00,70867.00,84,9.17,Good,659,Low
967,Dorothy Robinson,55,Female,59091.00,201025.00,48,8.62,Good,689,Low
968,Mary Hernandez,40,Female,74016.00,182501.00,84,5.75,Good,768,Low
969,Cynthia Flores,50,Female,25000.00,46071.00,60,19.71,Average,595,Medium
970,Debra Scott,48,Female,70787.00,163993.00,48,10.14,Good,699,Low
971,Rachel Davis,32,Female,59843.00,134147.00,48,11.09,Good,613,Low
972,Brenda Williams,53,Female,68384.00,146647.00,48,5.54,Good,760,Low
973,Nancy Taylor,27,Female,26777.00,39659.00,36,21.19,Poor,562,Medium
974,Kenneth Thomas,50,Male,114699.00,173152.00,84,3.02,Good,805,Low
975,Janet Carter,35,Female,40579.00,58594.00,84,3.56,Good,849,Low
976,Jack Mitchell,67,Male,126430.00,180358.00,60,9.53,Good,695,Low
977,Christine Harris,45,Female,50164.00,57898.00,60,14.07,Average,610,Medium
978,Olivia Lewis,48,Female,60034.00,88376.00,60,10.36,Good,664,Low
979,Jerry Hall,44,Male,66557.00,92621.00,84,10.45,Good,666,Low
980,Ashley Robinson,39,Female,58154.00,114760.00,48,9.24,Good,574,Low
981,Anthony King,65,Male,94289.00,191153.00,72,11,Good,669,Low
982,Maria Young,38,Female,41595.00,80484.00,48,9.12,Good,706,Low
983,Victoria Torres,29,Female,52315.00,63637.00,60,7.14,Average,716,Low
984,Nicholas Gonzalez,48,Male,90671.00,327922.00,84,3,Good,802,Low
985,William Johnson,25,Male,49129.00,95732.00,72,5.87,Average,739,Low
986,Jeffrey Walker,61,Male,67366.00,199477.00,48,8.03,Good,748,Low
987,William Lopez,30,Male,51804.00,66612.00,60,11.81,Average,607,Medium
988,Frank Smith,66,Male,59236.00,158624.00,72,7.43,Good,698,Low
989,Angela Green,44,Female,45513.00,103485.00,60,5.67,Good,766,Low
990,John Wilson,53,Male,86278.00,188800.00,60,5.44,Good,808,Low
991,Debra Jackson,37,Female,62080.00,138179.00,84,14.21,Average,658,Medium
992,Donald Robinson,45,Male,62729.00,131039.00,60,22.11,Average,545,Medium
993,Jessica Taylor,38,Female,56496.00,63512.00,48,10.89,Good,680,Low
994,Susan White,40,Female,41653.00,67028.00,48,11.22,Average,642,Medium
995,David Lopez,48,Male,87254.00,216519.00,84,3.2,Good,819,Low
996,David Nelson,41,Male,41105.00,64076.00,60,3.11,Good,715,Low
997,Jason Lee,26,Male,56700.00,99624.00,60,18.77,Poor,544,Medium
998,Helen Allen,43,Female,71702.00,127734.00,48,6.14,Good,731,Low
999,Larry Allen,25,Male,27689.00,22593.00,24,11.97,Average,624,Medium
1000,Samantha Ramirez,40,Female,50643.00,81332.00,60,9.62,Average,650,Low
